observation_id,date_observed,post_date,source,source_type,source_size,content_type,topic,subtopic,post_summary,author_type,reactions,comments,shares,views,engagement_strength,intent_type,emotional_driver,likely_reason_for_engagement,businesses_mentioned,trend_cluster,recurring_pattern,emerging_or_evergreen,BG_Cyber_Deals_relevance,source_url_or_reference,notes
1,2026-09-10,not visible,Bowling Green Area Chamber of Commerce,organization page,13K followers observed previously,image carousel,local business,grand opening,"Chamber congratulated Storage Sense on a Bowling Green grand opening.",organization,45,2,1,not visible,moderate,awareness,local pride,"Recognition and local-growth signal",Storage Sense,local growth,not yet established,right now,background,Facebook Home feed / bgareachamber,"Open-ended Home observation; no conclusion from one post."
2,2026-09-10,12 hours ago,SoKy Citizen News,local media page,not visible,image/news,local business closure,O'Charley's closing,"Reported last day of operations for Bowling Green and other Kentucky O'Charley's locations.",media,283,156,269,not visible,very high,community conversation,sadness and surprise,"Loss of familiar local business and local-news urgency",O'Charley's,local business change,requires more examples,right now,high,"Facebook Home feed / SoKyCitizenNews","Open-ended Home observation; reactions included like, sad, and wow."
3,2026-09-10,not visible,Warren County Sheriff's Office,government page,not visible,informational post,public safety,traffic checkpoints,"Traffic-safety checkpoint rationale and deterrence message.",organization,125,33,17,not visible,high,public information,concern/civic relevance,"Immediate local safety relevance",none,civic alerts,requires more examples,right now,possible civic-awareness content,"Facebook Home feed / Warren County Sheriff's Office","Open-ended Home observation."
4,2026-09-10,Sep 9,HIP Bowling Green KY,public community group,26.4K members,shared reel/event promotion,community event,Godstock,"Event announcement for Godstock at Phil Moore Park in Alvaton.",consumer,not visible,not visible,not visible,not visible,not visible,event awareness,community identity,"Local gathering and urgency of this weekend",none,faith/community events,requires more examples,right now,background,"HIP Bowling Green group feed","Passive group-feed observation; metric values not exposed."
5,2026-09-10,Sep 9,HIP Bowling Green KY,public community group,26.4K members,shared business post,food/entertainment,football group order,"Teriyaki Madness group-order post tied to football kickoff.",business/shared by consumer,not visible,1,not visible,not visible,low,food planning,occasion/seasonal identity,"Game-day convenience framing",Teriyaki Madness,football and food,requires more examples,right now,potential seasonal content,"HIP Bowling Green group feed","Passive group-feed observation; local relevance is group distribution."
6,2026-09-10,not visible,HIP Bowling Green KY,public community group,26.4K members,service promotion,home/real estate,home refresh,"Wise Owl Homes / contractor-style refresh and free-estimate promotion.",business,not visible,not visible,not visible,not visible,not visible,service promotion,aesthetic aspiration,"Visual home transformation and low-friction estimate",Wise Owl Homes,local business promotion,requires more examples,right now,background,"HIP Bowling Green group feed","Observed alongside mostly unrelated feeds; engagement not exposed."
7,2026-09-10,Sep 9,HIP Bowling Green KY,public community group,26.4K members,shared reel,regional lifestyle,nearby cities,"Shared reel about Tennessee cities people will talk about next.",consumer/creator,not visible,not visible,not visible,not visible,not visible,social curiosity,regional identity,"Aspirational regional comparison",none,regional discovery,requires more examples,right now,possible local-pride format,"HIP Bowling Green group feed","Not Bowling Green-specific; retained to avoid over-filtering early discovery."
8,2026-09-10,6 hours ago,HIP Bowling Green KY,public community group,26.4K members,shared nonprofit post,animals,pet adoption,"Animal-rescue adoption post for a cat in nearby Auburn.",organization/shared by consumer,not visible,not visible,not visible,not visible,not visible,community resource,care/affection,"Adoption appeal and animal imagery",Southern Paws Animal Rescue,animal welfare,requires more examples,right now,background,"HIP Bowling Green group feed","Passive group-feed observation."
9,2026-09-10,Sep 9,HIP Bowling Green KY,public community group,26.4K members,shared business reel,home services,construction promotion,"Construction promotional reel focused on free estimates and home refresh.",business,not visible,not visible,not visible,not visible,not visible,service promotion,aesthetic aspiration,"Transformation/free-estimate framing",Wise Owl Homes,home improvement promotion,requires more examples,right now,background,"HIP Bowling Green group feed","No visible engagement count."
10,2026-09-10,Sep 9,HIP Bowling Green KY,public community group,26.4K members,shared business post,food,football group order,"Football kickoff meal-order promotion.",business/shared by consumer,not visible,1,not visible,not visible,low,food planning,seasonal/social gathering,"Game-day convenience",Teriyaki Madness,football food,requires more examples,right now,possible event-tie-in content,"HIP Bowling Green group feed","Not enough to establish attention strength."
11,2026-09-10,Sep 9,Hip Bowling Green Ky,public community group,3K members,short-form video,home services,construction promotion,"Construction video promoting pole barns decks porches metal roofs siding and framing.",business,not visible,not visible,not visible,not visible,not visible,service promotion,craftsmanship,"Short video and broad service list",TerraPeak Construction,small-group business promotion,requires more examples,right now,background,"Hip Bowling Green Ky group feed","No visible engagement count."
12,2026-09-10,5 hours ago,Hip Bowling Green Ky,public community group,3K members,text sale post,thrift/value,clothing sale,"Community organization advertised Saturday clothing sale at fifty cents each.",organization,not visible,not visible,not visible,not visible,not visible,local value,price,"Extreme price point",PORTland CARES,community thrift,requires more examples,right now,possible price-watch input,"Hip Bowling Green Ky group feed","No visible engagement count."
13,2026-09-10,3 hours ago,Hip Bowling Green Ky,public community group,3K members,text service promotion,cleaning,home comfort,"Cleaning-service post framed around comfort care consistency and attention to detail.",business,not visible,not visible,not visible,not visible,not visible,service promotion,aspiration,"Emotional copy rather than offer",none,small-business promotion,requires more examples,right now,background,"Hip Bowling Green Ky group feed","No visible engagement count."
14,2026-09-10,5 hours ago,Hip Bowling Green Ky,public community group,3K members,event promotion,music,regional festival,"NorroFest ticket/group-planning post for Scottsville event.",organization/shared by consumer,not visible,not visible,not visible,not visible,not visible,event planning,FOMO/social plans,"Text-the-group framing",NorroFest,regional live events,requires more examples,right now,possible weekend content,"Hip Bowling Green Ky group feed","Passive observation."
15,2026-09-10,Sep 9,Hip Bowling Green Ky,public community group,3K members,short-form video,services,junk removal,"Junk-removal reel shared into group.",business,not visible,not visible,not visible,not visible,not visible,service promotion,utility,"Video format",Josh's Junk Removal,small-business promotion,requires more examples,right now,background,"Hip Bowling Green Ky group feed","No visible engagement count."
16,2026-09-10,10 hours ago,Hip Bowling Green Ky,public community group,3K members,consumer question,restaurants,Chinese food,"Resident asked for the best Chinese restaurant in or near Warren County; visible replies offered Scottsville and Bowling Green options.",consumer,not visible,8,not visible,not visible,moderate,recommendation,food curiosity,"Specific cuisine and nearby-location comparison",China King; KS Asian Cuisine; Great Wall,restaurant recommendations,requires more examples,right now,high,"Hip Bowling Green Ky group feed","Comments inspected from in-feed preview; ordinary-user identity omitted."
17,2026-09-10,not visible,Hip Bowling Green Ky,public community group,3K members,consumer question,personal services,tattoo artist,"Resident asked for preferred black-and-gray tattoo artist in BG.",consumer,not visible,not visible,not visible,not visible,not visible,recommendation,trust/aesthetic fit,"Specialty service and style specificity",none,personal-service discovery,requires more examples,right now,background,"Hip Bowling Green Ky group feed","No visible engagement count."
18,2026-09-10,not visible,Hip Bowling Green Ky,public community group,3K members,inventory photo post,automotive,used vehicles,"Used-car dealer posted incoming inventory with 13 images.",business,not visible,not visible,not visible,not visible,not visible,shopping/inventory,novelty/availability,"Visual inventory drop",Duncan Motors,automotive inventory,requires more examples,right now,background,"Hip Bowling Green Ky group feed","No visible engagement count."
19,2026-09-10,not visible,Hip Bowling Green Ky,public community group,3K members,listing post,real estate,Rockfield listing,"Realtor shared a Rockfield listing with 28 images.",business,not visible,not visible,not visible,not visible,not visible,real-estate discovery,aspiration,"Large visual listing set",Caroline Lamar Realtor,real estate listings,requires more examples,right now,background,"Hip Bowling Green Ky group feed","No visible engagement count."
20,2026-09-10,Sep 24,Hip Bowling Green Ky,public community group,3K members,nostalgia video,local culture,local business history,"Music page shared a 2007 interview with Doo Wop Shop owner Victor.",creator,not visible,not visible,not visible,not visible,not visible,local nostalgia,identity/memory,"Legacy local-business storytelling",Doo Wop Shop,local nostalgia,requires more examples,recently resurfaced,possible heritage content,"Hip Bowling Green Ky group feed","Post date context ambiguous; retained as a format clue only."
21,2026-09-10,7 hours ago,Hip Bowling Green Ky,public community group,3K members,text job post,jobs,manufacturing,"Hiring post for all-shift manufacturing positions in Scottsville.",consumer/recruiter,not visible,not visible,not visible,not visible,not visible,job seeking,employment need,"Clear local availability",none,regional employment,requires more examples,right now,background,"Hip Bowling Green Ky group feed","No visible engagement count."
22,2026-09-10,14 hours ago,Hip Bowling Green Ky,public community group,3K members,text food offer,restaurants,lunch special,"Stacked High Deli advertised a Wednesday two-hotdog chips and drink special for $15.",business/shared by consumer,not visible,not visible,not visible,not visible,not visible,value/food,price and specificity,"Concrete bundle price and location",Stacked High Deli,weekday food offers,requires more examples,right now,possible price-watch input,"Hip Bowling Green Ky group feed","No visible engagement count."
23,2026-09-10,22 hours ago,Hip Bowling Green Ky,public community group,3K members,customer-work photo,automotive,diesel truck repair,"Automotive repair post detailed work completed on a 1998 Dodge diesel truck and used 11 images.",business,not visible,not visible,not visible,not visible,not visible,service credibility,craftsmanship/enthusiast interest,"Detailed proof-of-work and vehicle specificity",none,automotive stories,requires more examples,right now,background,"Hip Bowling Green Ky group feed","No visible engagement count."
24,2026-09-10,about 1 hour ago,Bowling Green Connect,public community group,9K members,service availability post,cleaning,short-notice capacity,"Cleaning provider described cancellations and asked for work; visible responses asked about pricing.",consumer/small business,5,9,1,not visible,moderate,service purchase,empathy and price,"Personal story plus immediate capacity",none,local service availability,requires more examples,right now,possible community-needs signal,"Bowling Green Connect group feed","Comments inspected in preview; source says business ads weekly."
25,2026-09-10,1 day ago,Bowling Green Connect,public community group,9K members,new-business update,restaurants,opening anticipation,"NorCal Crepe House posted signs-up/menu-next update; comments asked opening date and product details.",business,70,12,8,not visible,high,new-business discovery,anticipation,"Visible progress toward opening and audience questions",NorCal Crepe House,new openings,requires more examples,right now,high,"Bowling Green Connect group feed","Comment preview inspected."
26,2026-09-10,not visible,Bowling Green Connect,public community group,9K members,marketplace/service listing,home services,contractor offer,"Out-of-area contractor listing offered roofs decks pole barns and more, with a $8,600 listed figure.",business,not visible,not visible,not visible,not visible,not visible,service promotion,availability/price,"Marketplace-like listing format",none,commercial feed clutter,requires more examples,right now,background,"Bowling Green Connect group feed","Relevant as feed texture; not treated as local demand."
27,2026-09-10,2 days ago,Bowling Green Connect,public community group,9K members,text food offer,restaurants,weekday promotion,"Stacked High Deli announced Monday hours and half-price sandwiches with side/drink; one visible positive customer response.",business/shared by consumer,3,1,1,not visible,low,value/food,price and testimonial,"Specific deal but low visible reach",Stacked High Deli,weekday specials,requires more examples,recent,possible value content,"Bowling Green Connect group feed","Useful comparison against opening post."
28,2026-09-10,10 hours ago,Bowling Green Connect,public community group,9K members,consumer question,restaurants,Chinese food,"Repeat best-Chinese-restaurant question; 13 visible comments named Great Wall and China King.",consumer,2,13,not visible,not visible,moderate,recommendation,food curiosity,"Cuisine-specific comparison",Great Wall; China King,restaurant recommendations,recurs in two groups,right now,high,"Bowling Green Connect group feed","Second independent observation of same question."
29,2026-09-10,2 hours ago,Bowling Green Connect,public community group,9K members,open-house post,real estate,home showing,"Real-estate open-house promotion used location/convenience framing.",business,not visible,not visible,not visible,not visible,not visible,real-estate discovery,aspiration,"Scheduled local access",none,real estate listings,requires more examples,right now,background,"Bowling Green Connect group feed","No visible engagement count."
30,2026-09-10,9 hours ago,Bowling Green Connect,public community group,9K members,consumer job-seeking post,jobs,administration,"Resident sought an administration job and stated experience; visible replies offered support/referral.",consumer,5,2,not visible,not visible,low,job seeking,employment need,"Practical local opportunity request",none,local employment,requires more examples,right now,background,"Bowling Green Connect group feed","Ordinary-user identity omitted."
31,2026-09-10,7 hours ago,Bowling Green Life,public community group,5.9K members,event invitation,community/faith,clay shoot,"Young Life invited residents to tenth annual clay shoot with barbecue and competition.",organization,not visible,not visible,not visible,not visible,not visible,event participation,community identity,"Activity plus food plus competition",Bowling Green Area Young Life,community events,requires more examples,right now,background,"Bowling Green Life group feed","No visible engagement count."
32,2026-09-10,14 hours ago,Bowling Green Life,public community group,5.9K members,text food offer,restaurants,lunch special,"Repeated Stacked High Deli weekday two-hotdog chips and drink offer.",business/shared by consumer,1,not visible,not visible,not visible,low,value/food,price specificity,"Repeated cross-group posting did not show high visible interaction",Stacked High Deli,routine business promotions,recurs across groups,recent,comparison evidence,"Bowling Green Life group feed","Useful normal-content benchmark."
33,2026-09-10,23 hours ago,Bowling Green Life,public community group,5.9K members,consumer service offer,household support,side income,"Resident offered cleaning laundry babysitting rides and stated certifications/references.",consumer,not visible,not visible,not visible,not visible,not visible,service supply,economic need,"Multi-service availability and affordability",none,informal local labor,requires more examples,right now,background,"Bowling Green Life group feed","Ordinary-user identity omitted."
34,2026-09-10,not visible,Bowling Green Life,public community group,5.9K members,consumer aid request,community hardship,short-term lodging,"Resident sought a small amount to cover a room by deadline.",consumer,not visible,not visible,not visible,not visible,not visible,community aid,financial urgency,"Immediate hardship request",none,mutual aid,requires more examples,right now,do not commercialize,"Bowling Green Life group feed","Recorded at aggregate level; no personal identifying details."
35,2026-09-10,August 28,Bowling Green Life,public community group,5.9K members,calendar post,community events,September schedule,"Group administrators posted a September calendar.",organization,not visible,not visible,not visible,not visible,not visible,event awareness,utility,"Calendar format",none,local event calendars,requires more examples,recent,comparison evidence,"Bowling Green Life group feed","No visible engagement count."
36,2026-09-10,15 minutes ago,SoKy Citizen News,local media page,68K followers,breaking-news post,public safety,emergency response,"First-response report involving a child in an apartment emergency.",media,12,3,not visible,not visible,moderate,local news,concern/urgency,"Real-time local incident",none,scanner-style news,recurs repeatedly,right now,attention-context only,"SoKy Citizen News feed","Sensitive details minimized in dataset."
37,2026-09-10,4 hours ago,SoKy Citizen News,local media page,68K followers,breaking-news post,public safety,school-bus-stop concern,"Police-response report involving school children at a bus stop.",media,30,7,4,not visible,moderate,local news,concern/protection,"Child-safety relevance",none,scanner-style news,recurs repeatedly,right now,attention-context only,"SoKy Citizen News feed","Sensitive details minimized."
38,2026-09-10,5 hours ago,SoKy Citizen News,local media page,68K followers,breaking-news post,public safety,disturbance,"Multi-incident ""happening now"" disturbance update.",media,11,1,1,not visible,low,local news,urgency,"Live local update",none,scanner-style news,recurs repeatedly,right now,attention-context only,"SoKy Citizen News feed","No strategic implication drawn."
39,2026-09-10,2 hours ago,SoKy Citizen News,local media page,68K followers,shared breaking-news post,public safety,structure fire,"Shared nearby structure-fire update with comments.",media,6,1,2,not visible,low,local news,urgency,"Immediate incident information",SoKy Reports,real-time safety news,recurs repeatedly,right now,attention-context only,"SoKy Citizen News feed","Cross-page sharing observed."
40,2026-09-10,14 hours ago,SoKy Citizen News,local media page,68K followers,crime update,public safety,arrest report,"Arrest report related to a firearm disturbance; comment preview included legal framing question.",media,91,55,10,not visible,high,local news,concern/controversy,"Crime and accountability",none,crime/public safety,recurs repeatedly,right now,attention-context only,"SoKy Citizen News feed","Comments inspected in preview; details minimized."
41,2026-09-10,1 day ago,SoKy Citizen News,local media page,68K followers,traffic incident update,public safety,vehicle-motorcycle crash,"Vehicle-versus-motorcycle incident update; comments sought condition information.",media,61,52,7,not visible,high,local news,concern/urgency,"Potential injury and real-time update",none,traffic incidents,recurs repeatedly,right now,attention-context only,"SoKy Citizen News feed","Comment preview inspected; sensitive details minimized."
42,2026-09-10,12 hours ago,SoKy Citizen News,local media page,68K followers,business closure news,restaurants,O'Charley's closure,"Closure report drew high reactions comments and shares; comment corrected scope beyond local sites.",media,284,156,270,not visible,breakout,local business news,sadness/nostalgia/surprise,"Loss of familiar chain and economic change",O'Charley's,local business change,seen on Home and news feed,right now,high attention context,"SoKy Citizen News feed","Strong relative to other sampled same-page incident posts."
43,2026-09-10,1 day ago,SoKy Citizen News,local media page,68K followers,traffic/school update,public safety,school bus crash,"School-bus-versus-SUV update with children involved.",media,113,35,25,not visible,high,local news,child safety/concern,"School and safety relevance",none,traffic incidents,recurs repeatedly,right now,attention-context only,"SoKy Citizen News feed","Sensitive details minimized."
44,2026-09-10,1 day ago,SoKy Citizen News,local media page,68K followers,emergency update,public safety,possible structure fire,"Possible fire/gas-smell response report.",media,6,5,1,not visible,low,local news,urgency,"Immediate safety information",none,emergency updates,recurs repeatedly,right now,attention-context only,"SoKy Citizen News feed","Sensitive details minimized."
45,2026-09-10,1 day ago,SoKy Citizen News,local media page,68K followers,public-safety alert,public safety,armed juvenile alert,"Police-search alert; high reactions/comments/shares.",media,165,68,54,not visible,breakout,local news,concern/urgency,"Potential safety threat and update utility",none,public safety alerts,recurs repeatedly,right now,attention-context only,"SoKy Citizen News feed","Sensitive details minimized; no commercial use implied."
46,2026-09-10,not visible,Facebook Marketplace,marketplace,location Bowling Green within 10 miles,listing feed,local resale,personal transport and recreation,"Today’s locally surfaced listings concentrated on used bicycles, gym equipment, mower/garden equipment, gaming consoles, and chairs.",consumer,not visible,not visible,not visible,not visible,not applicable,local resale,value hunting,"Personalized inventory feed and price comparison",none,marketplace inventory,requires category sampling,right now,background,"Facebook Marketplace Browse All","Feed is personalized; no claim of market-wide demand."
47,2026-09-10,12 hours ago,SoKy Citizen News,local media page,68K followers,local-news post,local business change,O'Charley's closure,"Comments included correction/discussion of the closure’s wider scope; page pinned a 99-cent monthly subscription appeal under the report.",media,284,156,270,not visible,breakout,local news,nostalgia/concern,"Local business change plus active comment correction",O'Charley's,local business change,requires more examples,right now,media monetization signal,"SoKy Citizen News feed","Comment inspection completed; individual commenters omitted."
48,2026-09-10,14 hours ago,SoKy Citizen News,local media page,68K followers,crime update,public safety,firearm disturbance,"Comment thread included a legal-severity question and several replies under the report.",media,91,55,10,not visible,high,local news,accountability/concern,"Crime reporting prompts interpretation and debate",none,crime/public safety,recurs repeatedly,right now,attention-context only,"SoKy Citizen News feed","Comment inspection completed; sensitive details minimized."
49,2026-09-10,11 hours ago,SoKy Citizen News,local media page,68K followers,shared local-news post,emergency response,structure fire,"News page cross-posted SoKy Reports fire coverage, showing local-page sharing within the attention graph.",media,6,1,2,not visible,low,local news,urgency,"Cross-source relay",SoKy Reports,local news network,requires more examples,right now,creator/media map,"SoKy Citizen News feed","Cross-post relationship observed."
50,2026-09-10,1 day ago,Bowling Green Hot Rods,local sports business page,39K followers,playoff gameday graphic,local sports,playoff opener,"Away playoff-game announcement with opponent and time.",local sports venue,29,not visible,2,not visible,above normal,attendance and local pride,team identity,"Fan-base coordination around a bounded game moment",Bowling Green Hot Rods,local sports and civic pride,emerging,medium,"Bowling Green Hot Rods page","Compared with adjacent current posts; 29 reactions and 2 shares."
51,2026-09-10,1 day ago,Bowling Green Hot Rods,local sports business page,39K followers,rally graphic,local sports,playoff rally,"Team asks fans to rally around playoff run.",local sports venue,60,2,not visible,not visible,significantly above normal,attendance and encouragement,collective team identity,"Direct communal call substantially exceeds ordinary game updates",Bowling Green Hot Rods,local sports and civic pride,emerging,high,"Bowling Green Hot Rods page","Visible comments inspected at aggregate level; supportive attendance sentiment, no names recorded."
52,2026-09-10,2 days ago,Bowling Green Hot Rods,local sports business page,39K followers,humorous promotional graphic,local sports,playoff ticket reminder,"Meta joke framed as an accidental text-message screenshot inviting fans to Thursday playoff game.",local sports venue,73,2,not visible,not visible,breakout relative to adjacent posts,attendance and entertainment,humor plus urgency,"Humorous insider framing outperformed informational game posts and drew 28 Haha reactions",Bowling Green Hot Rods,local sports and civic pride,emerging,high,"Bowling Green Hot Rods page","Relative benchmark: adjacent cover update 8 reactions and gameday post 29."
53,2026-09-10,2 days ago,Bowling Green Hot Rods,local sports business page,39K followers,cover-photo update,local sports,page maintenance,"Visual update without a clear event hook.",local sports venue,8,not visible,1,not visible,below normal,none,none,"Routine non-story page maintenance attracted little visible attention",Bowling Green Hot Rods,local sports and civic pride,evergreen,low,"Bowling Green Hot Rods page","Useful normal-content comparison for 50-52."
54,2026-09-10,September 2026,City of Bowling Green KY,municipal page,37K followers,parks update,public spaces,Ogden Park partial closure,"Parks department announced a partial park closure tied to upcoming improvements.",government,not visible,not visible,not visible,not visible,not visible,civic information,anticipation and inconvenience,"Practical local amenity update",Ogden Park,public spaces and amenities,recurring,medium,"City of Bowling Green KY page","Metric not exposed in this loaded view."
55,2026-09-10,September 2026,City of Bowling Green KY,municipal page,37K followers,newsletter link,civic information,Hispanic Heritage Month,"Bilingual city newsletter promoted Hispanic Heritage Month material.",government,21,25,not visible,not visible,high conversation relative to visible reaction count,civic information,representation and local culture,"Timely cultural content prompted more comments than simple reaction count suggests",none,community culture and civic communication,emerging,medium,"City of Bowling Green KY page","Visible metrics 21 reactions, 25 comments; comments not opened because content detail was not locally commercial."
56,2026-09-10,September 2026,City of Bowling Green KY,municipal page,37K followers,newsletter link,civic information,monthly city newsletter,"September News for Neighbors newsletter link.",government,3,not visible,not visible,not visible,low,civic information,utility,"Generic newsletter distribution produces limited visible interaction",none,community information,evergreen,low,"City of Bowling Green KY page","Useful normal-content benchmark versus cultural newsletter post."
57,2026-09-10,1 day ago,City of Bowling Green KY,municipal page,37K followers,local business appreciation,local business,Texas Roadhouse office visit,"City thanked a local restaurant for bringing food to the City Manager's Office.",government,14,1,2,not visible,normal,local business goodwill,community affiliation,"Cross-institution acknowledgement earned modest visible interaction",Texas Roadhouse; Bowling Green Police Department,local business and civic network,recurring,medium,"City of Bowling Green KY page","Comment inspection: a public-safety agency affirmed the business; personal names omitted."
58,2026-09-10,September 2026,City of Bowling Green KY,municipal page,37K followers,community event notice,public safety,Chick-fil-A community appearance,"Police department event reminder for a Chick-fil-A location.",government,9,1,not visible,not visible,normal,family/community event,access and local participation,"Named familiar venue makes a civic appearance concrete",Chick-fil-A; Bowling Green Police Department,community events and civic connection,recurring,medium,"City of Bowling Green KY page","Cross-page civic/business event relationship observed."
59,2026-09-10,1 day ago,Visit BGKY,tourism page,25K followers,short food video,local food,new breakfast menu,"Short video announces Chaney's Dairy Barn breakfast menu in addition to ice cream.",tourism organization,99,3,21,not visible,breakout relative to adjacent event post,local food discovery,anticipation and local pride,"New food occasion paired with familiar destination and video format",Chaney's Dairy Barn,local food and destination discovery,emerging,high,"Visit BGKY page","Comment inspection: visible response expressed intent to visit; personal name omitted."
60,2026-09-10,4 days ago,Visit BGKY,tourism page,25K followers,event roundup,local events,September destination calendar,"Carousel packages five September events including Apple Festival, Holley LS Fest, Unseen BG Tours, Blockbusters at the Ballpark, and International Festival.",tourism organization,21,1,3,not visible,normal,local event planning,seasonal discovery,"Multi-event utility post connects several local organizers but has lower visible share count than food video",Jackson's Orchard; Beech Bend Raceway; Bowling Green Ballpark; Bowling Green International Festival,events and destination discovery,emerging,medium,"Visit BGKY page","Comment inspection: International Festival page used thread to amplify Sept. 26 event at Circus Square Park."
61,2026-09-10,2 hours ago,Bowling Green Area Chamber of Commerce,business-network page,13K followers,grand-opening recognition,local business,new storage business,"Chamber congratulated Storage Sense on a Bowling Green grand opening.",business organization,48,2,1,not visible,above normal,local business discovery,community endorsement,"New-business recognition with strong local-family credibility comment",Storage Sense,local business openings,emerging,high,"Bowling Green Area Chamber of Commerce page","Comment inspection: visible commenter framed operators as a trusted local family; personal name omitted."
62,2026-09-10,recent,Bowling Green Area Chamber of Commerce,business-network page,13K followers,executive job posting,local employment,economic development leadership,"Featured post seeks a Vice President of Economic Development, with regional attraction retention partnerships and policy scope.",business organization,not visible,not visible,not visible,not visible,not visible,professional employment,career opportunity,"High-skill institutional role reflects regional economic-development attention surface",Bowling Green Area Chamber of Commerce,local employment and economic growth,recurring,medium,"Bowling Green Area Chamber of Commerce page","Featured content; engagement metrics not visible in accessible view."
63,2026-09-10,recent,Bowling Green Area Chamber of Commerce,business-network page,13K followers,executive job posting,local employment,finance and administration leadership,"Featured post seeks a Vice President of Finance and Administration across financial and administrative oversight.",business organization,not visible,not visible,not visible,not visible,not visible,professional employment,career opportunity,"Institutional hiring repeat signals a distinct professional audience surface",Bowling Green Area Chamber of Commerce,local employment and economic growth,recurring,medium,"Bowling Green Area Chamber of Commerce page","Featured content; engagement metrics not visible in accessible view."
64,2026-09-10,recent,Downtown BGKY,downtown promotion page,11K followers,student leadership recruitment,civic engagement,Downtown Ambassador Academy,"Program recruits WKU undergraduates to meet leaders, explore downtown businesses and venues, volunteer, and complete a civic capstone.",downtown organization,not visible,not visible,not visible,not visible,not visible,student/civic participation,career and place attachment,"Downtown identity is being built through an extended student leadership program",Downtown BGKY; WKU,young adults and local identity,emerging,medium,"Downtown BGKY page","Featured shared post; application deadline September 7."
65,2026-09-10,recent,Downtown BGKY,downtown promotion page,11K followers,small-business grant announcement,local economic development,Downtown Improvement Grant,"50/50 matching reimbursement grants of $2,500-$7,500 promoted for storefront restoration murals accessibility outdoor seating bike amenities and safety.",downtown organization,not visible,not visible,not visible,not visible,not visible,small-business investment,place improvement and opportunity,"Concrete local-business participation incentive integrates physical improvements and downtown activation",Downtown BGKY; City of Bowling Green,small-business investment and placemaking,emerging,high,"Downtown BGKY page","Featured content; fall applications August 15-September 15."
66,2026-09-10,recent,Downtown BGKY,downtown promotion page,11K followers,festival awareness,local events,Harvest Fest,"Municipal Harvest Fest teaser says event has more happening than expected.",government/downtown organization,not visible,not visible,not visible,not visible,not visible,seasonal event discovery,curiosity and family activity,"Seasonal festival promotion is a repeat local-attention mechanism",Downtown BGKY; City of Bowling Green,seasonal festivals,recurring,medium,"Downtown BGKY page","Visible as a cross-post on downtown feed; detailed metrics unavailable."
67,2026-09-10,recent,HIP Bowling Green KY,public local group,26.4K members,before-and-after service post,home services,driveway sealing,"Local contractor used a before-and-after example of a two-year-old faded driveway restored with sealant.",local service business,not visible,not visible,not visible,not visible,not visible,home-maintenance discovery,visual proof and property pride,"Transformation format makes routine maintenance concrete",Finished Right,home improvement and repair,recurring,medium,"HIP Bowling Green group","Open group feed discovery; engagement count not exposed in this loaded view."
68,2026-09-10,recent,HIP Bowling Green KY,public local group,26.4K members,service promotion,home services,junk removal,"Father-and-son business promoted shed garage and hot-tub cleanouts.",local service business,2,not visible,not visible,not visible,low,service discovery,convenience,"Direct service list without a story generated limited visible interaction",Shine Junk Removal,home services and decluttering,recurring,low,"HIP Bowling Green group","AI-content label visible; 2 reactions."
69,2026-09-10,recent,HIP Bowling Green KY,public local group,26.4K members,retail product promo,food retail,limited cookie flavor,"Group feed surfaced a local Crumbl product announcement framed as a temporary magical flavor.",retail/consumer,not visible,not visible,not visible,not visible,not visible,local food discovery,novelty and scarcity,"Limited-time product language travels into a community feed",Crumbl,limited-time food and retail offers,recurring,medium,"HIP Bowling Green group","Organic group surface; engagement metrics unavailable."
70,2026-09-10,September 2026,Habitat Restore Bowling Green,nonprofit retail page,19K followers,monthly sale calendar,value retail,September sale cadence,"Featured calendar combines tag reductions checkout prize wheel new-item sale senior discount and end-of-month clearance.",nonprofit retail,not visible,not visible,not visible,not visible,not visible,bargain hunting,value and cause affiliation,"Many recurring purchase triggers packaged into a clear monthly calendar",Habitat Restore Bowling Green,thrift/value shopping,recurring,high,"Habitat Restore Bowling Green page","All proceeds stated to benefit affordable housing and repair in Warren County and Bowling Green."
71,2026-09-10,recent,Habitat Restore Bowling Green,nonprofit retail page,19K followers,donation pickup video,home goods reuse,free furniture donation pickup,"Video asks donors to let the ReStore truck handle furniture appliances decor and building-supply pickup.",nonprofit retail,not visible,not visible,not visible,not visible,not visible,service and donation intent,convenience plus local impact,"Free pickup turns decluttering into a community-benefit action",Habitat Restore Bowling Green,home goods reuse and local impact,recurring,high,"Habitat Restore Bowling Green page","Featured video; no metrics exposed in accessible view."
72,2026-09-10,recent,Habitat Restore Bowling Green,nonprofit retail page,19K followers,volunteer recruitment,community participation,volunteer perks,"Volunteer post links four-hour monthly shift and early access to donated inventory with affordable-housing mission.",nonprofit retail,not visible,not visible,not visible,not visible,not visible,community participation,impact plus insider access,"Tangible personal perk is paired with civic purpose",Habitat Restore Bowling Green,volunteering and community impact,recurring,medium,"Habitat Restore Bowling Green page","Featured post; no metrics exposed in accessible view."
73,2026-09-10,recent,Habitat Restore Bowling Green,nonprofit retail page,19K followers,new inventory reel,thrift retail,fresh off the truck,"Short new-arrivals post had 2 reactions.",nonprofit retail,2,not visible,not visible,not visible,low,local retail discovery,scarcity and novelty,"Generic inventory teaser underperformed the calendar and mission-led featured content",Habitat Restore Bowling Green,thrift/value shopping,recurring,low,"Habitat Restore Bowling Green page","Relative comparison limited because featured-post metrics were unavailable."
74,2026-09-10,recent,Bowling Green International Festival,festival page,9.3K followers,participant recruitment,cultural event,cultural display booths,"Festival invited cultural-display booth participants for its Sept. 26 Circus Square Park event; visible post had 3 reactions and 2 shares.",festival organization,3,not visible,2,not visible,low,community event participation,cultural representation,"Participation recruitment is lower-engagement than broad event discovery but maps a multicultural local-event network",Bowling Green International Festival; Service One Credit Union; Circus Square Park,cultural events and community identity,emerging,medium,"Bowling Green International Festival page","Festival describes three music/dance stages, authentic food, bazaar, and activities."
75,2026-09-10,September 2,Bowling Green International Festival,festival page,9.3K followers,partner-media acknowledgement,cultural event,utility cooperative magazine,"Festival thanked North Central Telephone Cooperative for inclusion in its September/October magazine issue; post had 3 reactions.",festival organization,3,not visible,not visible,not visible,low,local event awareness,partner validation,"Institutional magazine coverage extends event visibility outside the festival page",Bowling Green International Festival; North Central Telephone Cooperative,local media and event network,recurring,medium,"Bowling Green International Festival page","Cross-organization relay recorded; no personal information retained."
76,2026-09-10,recent,Chaney's Dairy Barn,local food/destination business,53K followers,breakfast opening announcement,local food,new breakfast daypart,"Business announced breakfast service Monday-Saturday 6:00-10:30 with menu imagery.",local restaurant,not visible,not visible,not visible,not visible,not visible,new local food occasion,novelty and routine convenience,"A familiar local destination adds a new daypart; independently surfaced by Visit BGKY video",Chaney's Dairy Barn,local food and destination discovery,emerging,high,"Chaney's Dairy Barn page","Featured opening post confirms the tourism-page discovery."
77,2026-09-10,pre-opening,Chaney's Dairy Barn,local food/destination business,53K followers,breakfast teaser,local food,back-to-school launch,"Business positioned planned breakfast launch around a new school year and fall season.",local restaurant,not visible,not visible,not visible,not visible,not visible,new local food occasion,seasonal routine,"Repeated pre-launch framing creates anticipation before the operational announcement",Chaney's Dairy Barn,local food and destination discovery,emerging,high,"Chaney's Dairy Barn page","90-day-secondary context relative to current September opening."
78,2026-09-10,recent,Chaney's Dairy Barn,local food/destination business,53K followers,family entertainment event,local events,ice cream and movie,"Ice Cream & a Moovie promotion for Sept. 11-12 showing Super Mario Galaxy Movie had 3 reactions and 1 share.",local restaurant,3,not visible,1,not visible,low,family outing discovery,family entertainment,"Named child/family entertainment add-on had modest visible interaction despite strong page following",Chaney's Dairy Barn,children and family activities,recurring,medium,"Chaney's Dairy Barn page","Useful current-page lower benchmark; exact movie title as shown."
79,2026-09-10,recent,Buy Local Bowling Green,local-business promotion page,21K followers,merchant profile video,local retail,jewelry repair craft,"Short video profiles work at Morris Jewelry using playful craft/magic framing; post had 3 reactions.",local-business promoter,3,not visible,not visible,not visible,low,local business discovery,craftsmanship and local legacy,"A small human-interest merchant profile is a distinct buy-local storytelling format but had limited visible reaction",Morris Jewelry,shop-local storytelling,recurring,medium,"Buy Local Bowling Green page","Business was identified through Facebook page discovery, not keyword search."
80,2026-09-10,recent,WKU Athletics,college sports page,26K followers,athlete recognition,sports,WKU soccer player of the week,"Soccer player-of-the-week post uses wordplay and sponsor-branded recognition; 7 reactions and 4 shares.",college athletics,7,not visible,4,not visible,normal,sports fandom,school pride and athlete recognition,"Share count exceeds typical reaction-to-share expectation for a compact individual recognition post",WKU Athletics; Prairie Farms,student life and college sports,recurring,medium,"WKU Athletics page","Local university audience added; individual athlete name omitted."
81,2026-09-10,recent,WKU Athletics,college sports page,26K followers,weekly schedule carousel,college sports,WKU volleyball week,"Weekly volleyball program/calendar post had 39 reactions and 8 shares, stronger than adjacent recognition and talk-show clips.",college athletics,39,not visible,8,not visible,significantly above adjacent posts,sports schedule planning,team support and practical planning,"Multi-game calendar gives fans a clear participation utility and outperformed surrounding posts",WKU Athletics; WKU Volleyball,student life and college sports,recurring,high,"WKU Athletics page","Relative benchmark: adjacent soccer recognition 7 reactions/4 shares and Talkin Tops clip 7 reactions."
82,2026-09-10,recent,WKU Athletics,college sports page,26K followers,video clip,college sports,Talkin Tops,"Short branded athletics video had 7 reactions.",college athletics,7,not visible,not visible,not visible,low relative to page,team media,team affinity,"Generic branded media underperformed weekly schedule utility",WKU Athletics,student life and college sports,recurring,low,"WKU Athletics page","Current-page comparison observation."
83,2026-09-10,September 9,SOKY Kids Guide,family event guide,451 followers,daily event roundup,family activities,weekday kids calendar,"Daily South Central Kentucky kids-events round-up had 2 reactions, 1 comment, and 1 share.",local guide,2,1,1,not visible,normal for small source,family activity planning,practical parent utility,"Daily aggregation represents a small but recurring parenting-planning surface",SOKY Kids Guide,children and family activities,recurring,medium,"SOKY Kids Guide page","Source explicitly covers free/paid activities, seasonal highlights, and weekly picks."
84,2026-09-10,recent,WBKO News,local television/news page,not visible,local-data news,public safety,arrest count increase,"Home feed surfaced a report that monthly arrests rose from 114 to 443 in one year; visible post metrics were 542 reactions, 165 comments, and 28 shares.",local media,542,165,28,not visible,breakout,local news,public safety concern and disagreement,"Sharp quantified change generates high attention and extensive comment discussion",WBKO News,crime and public-safety attention,recurring,attention-context only,"Facebook Home feed","High-value discussion identified from unprompted Home browsing; sensitive civic context, not commercial content."
85,2026-09-10,recent,Hip Bowling Green KY,public local group,3.0K members,vehicle inventory post,local auto retail,new arrivals,"Duncan Motors posted a multi-image newly arrived inventory update.",local dealership,not visible,not visible,not visible,not visible,not visible,vehicle shopping,inventory novelty,"Group feed functions as a low-friction local inventory-distribution surface",Duncan Motors,vehicle retail,recurring,medium,"Hip Bowling Green group","Open-ended group-feed discovery; 13-image marker visible but engagement metrics unavailable."
86,2026-09-10,recent,Hip Bowling Green KY,public local group,3.0K members,real-estate listing,housing,Rockfield listing,"Realtor shared a newly listed Rockfield property with a 28-image carousel.",local realtor,not visible,not visible,not visible,not visible,not visible,housing discovery,property aspiration,"New listing and photo-rich format recur as group-native housing content",local realtor,housing and real estate,recurring,medium,"Hip Bowling Green group","Personal name omitted."
87,2026-09-10,recent,Hip Bowling Green KY,public local group,3.0K members,restaurant daily special,local food,seafood special,"Cruz Primos BG promoted Spanish-language Wednesday seafood specials including fresh oysters.",local restaurant,not visible,not visible,not visible,not visible,not visible,food discovery,novelty and cuisine identity,"Language-specific food promotion broadens the local restaurant audience map",Cruz Primos BG,local food discovery,recurring,medium,"Hip Bowling Green group","No engagement metrics exposed."
88,2026-09-10,recent,Hip Bowling Green KY,public local group,3.0K members,hiring notice,local employment,Scottsville manufacturing jobs,"Post sought manufacturing applicants for all shifts in nearby Scottsville.",staffing/employer,not visible,not visible,not visible,not visible,not visible,job seeking,employment opportunity,"Nearby all-shift manufacturing work appears in local community feed",none,local employment and economic growth,recurring,medium,"Hip Bowling Green group","Contact details omitted."
89,2026-09-10,recent,Hip Bowling Green KY,public local group,3.0K members,before-and-after service post,home services,fencing/deck outdoor upgrade,"Diaz Fencing Decks and Staining posted a completed outdoor-upgrade project with 10 images.",local service business,not visible,not visible,not visible,not visible,not visible,home-improvement discovery,visual transformation,"High-image project proof is a recurring contractor format",Diaz Fencing Decks and Staining,home improvement and repair,recurring,medium,"Hip Bowling Green group","No engagement metrics exposed."
90,2026-09-10,recent,Hip Bowling Green KY,public local group,event promotion,adult social activity,Bestie Speed Dating,"Organizer said half of event spots were taken for a Sept. 29 Bestie Speed Dating event at White Squirrel Brewery and offered free admission.",event organizer,not visible,not visible,not visible,not visible,not visible,local social activity,scarcity and connection,"A friendship-focused social event is an unexpected local participation signal",White Squirrel Brewery,adult social connection and events,emerging,high,"Hip Bowling Green group","Crosses nightlife venue and friendship/community need."
91,2026-09-10,recent,Hip Bowling Green KY,public local group,produce bundle,value food,$65 fresh produce bundle,"Group post offered a $65 fresh produce bundle.",local seller,not visible,not visible,not visible,not visible,not visible,value shopping,practical household value,"Food-bundle offer is a consumer-value surface distinct from restaurant specials",none,value food shopping,recurring,medium,"Hip Bowling Green group","Seller personal name omitted."
92,2026-09-10,recent,Hip Bowling Green KY,public local group,3.0K members,restaurant lunch offer,local food,hot-dog lunch special,"Stacked High Deli promoted two Vienna beef hotdogs with chips and drink for $15, with Chicago-style customization.",local restaurant,not visible,not visible,not visible,not visible,not visible,food deal seeking,price/value and customization,"Specific fixed-price lunch bundle recurs as a group-native restaurant promotion",Stacked High Deli,limited-time food and retail offers,recurring,medium,"Hip Bowling Green group","Current group pass; engagement metrics unavailable."
93,2026-09-10,recent,Hip Bowling Green KY,public local group,3.0K members,automotive service proof,auto services,truck maintenance project,"Mechanic posted completed maintenance and aftermarket lighting work on a 1998 diesel truck with 11 images.",local service business,not visible,not visible,not visible,not visible,not visible,auto-service discovery,craft proof and enthusiast interest,"Detailed task list plus before/after-style evidence mirrors home-service proof format",none,automotive services and hobby vehicles,recurring,medium,"Hip Bowling Green group","Personal name omitted."
94,2026-09-10,recent,Hip Bowling Green KY,public local group,3.0K members,informal service supply,gig work,afternoon/weekend help,"Individual offered cleaning laundry childcare overnight care and rides, citing CPR/first-aid certification and references.",consumer/service provider,not visible,not visible,not visible,not visible,not visible,local service matching,flexible income and trust,"Multi-service informal labor offer shows demand/supply overlap around household help",none,informal local services,recurring,medium,"Hip Bowling Green group","Personal name and contact details omitted."
95,2026-09-10,recent,Hip Bowling Green KY,public local group,3.0K members,cleaning-service promotion,home services,commercial and residential cleaning,"Business offered appointments for commercial and residential cleaning in Bowling Green and surrounding areas.",local service business,not visible,not visible,not visible,not visible,not visible,service discovery,convenience,"Another direct cleaning offer reinforces commercial service density in group feeds",none,home services and cleaning,recurring,medium,"Hip Bowling Green group","No engagement metrics exposed."
96,2026-09-10,recent,Bowling Green Connect,public local group,9.0K members,local-music ticket post,entertainment,Alien Records show tickets,"Local music business/event post directed readers to an external ticket site.",local music business,not visible,not visible,not visible,not visible,not visible,local entertainment discovery,event anticipation,"Community group carries local-ticket discovery beyond official event page",Alien Records,local music and nightlife,recurring,medium,"Bowling Green Connect group","Open-ended group discovery; post details limited."
97,2026-09-10,recent,Bowling Green Connect,public local group,9.0K members,contractor marketplace listing,home services,roofs decks pole barns,"Regional contractor listing advertised metal/shingle roofs decks pole barns and other work with an $8,600 listing price.",local contractor,not visible,not visible,not visible,not visible,not visible,home-improvement discovery,project price anchor,"Marketplace-style contractor post signals quote/price-led demand context",none,home improvement and repair,recurring,medium,"Bowling Green Connect group","Origin shown as a cross-post from a neighboring county sale/trade surface."
98,2026-09-10,about an hour ago,Bowling Green Connect,public local group,9.0K members,restaurant hours and offer,local food,Monday opening and half-price sandwich,"Stacked High Deli announced Monday 11-3 hours and half-price deli sandwiches with side and drink; visible metrics 3 reactions, 1 comment, 1 share.",local restaurant,3,1,1,not visible,normal,food deal seeking,value and new availability,"Comment inspection: a diner reported a positive same-day visit; individual name omitted",Stacked High Deli,limited-time food and retail offers,recurring,medium,"Bowling Green Connect group","New Monday availability is a distinct operating-hours signal."
99,2026-09-10,10 hours ago,Bowling Green Connect,public local group,9.0K members,restaurant recommendation question,local food,Chinese restaurant recommendations,"Question asking the best Chinese restaurant in/near Warren County received 2 reactions and 13 comments; visible answers included Great Wall and China King.",community member,2,13,not visible,not visible,high conversation relative to reaction count,restaurant recommendation,local expertise and preference,"Recommendation questions can concentrate decision-stage local food conversation",Great Wall; China King,restaurant recommendation and local expertise,recurring,high,"Bowling Green Connect group","Comment inspection completed; individual commentators omitted."
100,2026-09-10,recent,Bowling Green Life,public local group,5.9K members,cross-group restaurant offer,local food,Stacked High Deli lunch special,"The same Wednesday $15 hot-dog lunch special surfaced in Bowling Green Life after appearing in Hip Bowling Green, establishing multi-group distribution rather than an isolated post.",local restaurant,1,not visible,not visible,not visible,low direct reaction but cross-surface repetition,food deal seeking,price/value and repetition,"Cross-posted deal promotion is part of the local attention graph even when each individual placement is lightly engaged",Stacked High Deli,limited-time food and retail offers,repeating across groups,medium,"Bowling Green Life group","Observed in at least two local groups during the same sampling window; personal sharer omitted."
101,2026-09-10,1 day ago,National Corvette Museum,local attraction/museum page,306K followers,facility-ribbon-cutting reel,automotive heritage,new collections facility,"Museum and NCM Motorsports Park shared a ribbon-cutting highlight for a new collections facility, with public tours planned for 2027; visible metrics 206 reactions, 6 comments, 19 shares.",local attraction,206,6,19,not visible,normal relative to very large source,local attraction/heritage,local pride and automotive identity,"A major local institution uses future-access and preservation framing; its content reaches well beyond the local follower base",National Corvette Museum; NCM Motorsports Park,automotive identity and visitor attractions,recurring,high,"National Corvette Museum page","Comment inspection: visible response was congratulatory; personal name omitted."
102,2026-09-10,2 hours ago,NCM Motorsports Park,local motorsports venue,26K followers,participation/personalization promo,motorsports,vehicle wraps and track access,"Track-access post invites participation and custom car wraps; visible metrics 24 reactions, 2 comments, 5 shares.",local venue,24,2,5,not visible,above adjacent event post,motorsports participation,inclusion and personalization,"Message that anyone can participate, paired with vehicle customization, performs better than nearby event announcement",NCM Motorsports Park,automotive identity and visitor attractions,recurring,high,"NCM Motorsports Park page","Comment inspection: visible reply praised accessibility and car-wrap opportunity; personal name omitted."
103,2026-09-10,recent,NCM Motorsports Park,local motorsports venue,26K followers,seasonal event promotion,family events,Haunted Horsepower Weekend,"October 10 event promoted a 5K on closed-circuit road course, trunk-or-treat, and drifting; visible metrics 4 reactions and 5 shares.",local venue,4,not visible,5,not visible,low reactions but share-forward,family/motorsports event,novelty and family activity,"Hybrid family-event/motorsports package attracts shares despite low direct reaction",NCM Motorsports Park,seasonal festivals and automotive identity,emerging,medium,"NCM Motorsports Park page","Current page comparison against observation 102."
104,2026-09-10,recent,Lost River Cave,local attraction/education page,38K followers,teen science program,education/family activities,Arthropods program,"Cave promoted a high-school/teen arthropod program with an entomology researcher, live insects, biodiversity exploration, and optional hike; visible metrics 1 reaction and 1 share.",local attraction,1,not visible,1,not visible,low,teen education activity,learning and nature exploration,"Niche science programming expands the family/education attention map but had low immediate response",Lost River Cave,children and family activities,emerging,medium,"Lost River Cave page","Page describes a 72-acre park and underground boat tour; no claim that one post represents overall demand."
105,2026-09-10,1 day ago,Lost River Cave,local attraction/education page,38K followers,family movie event,children and family activities,Toy Story movie night,"Toy Story outdoor movie event promotion sponsored by Greenwood Heating Cooling had 17 reactions, 1 comment, and 6 shares.",local attraction,17,1,6,not visible,above adjacent science posts,family outing discovery,familiar family IP and venue novelty,"Recognizable family entertainment outperformed niche education content on the same page",Lost River Cave; Greenwood Heating Cooling,children and family activities,recurring,high,"Lost River Cave page","Relative benchmark: Arthropods program 1 reaction/1 share."
106,2026-09-10,5 days ago,Lost River Cave,local attraction/education page,38K followers,children's science program,children and family activities,Critters of the Cave,"Hands-on cave food-web activity for ages 6-12, positioned as a companion to the boat tour, had 9 reactions and 6 shares.",local attraction,9,not visible,6,not visible,share-forward,children's education activity,learning plus experiential outing,"Practical kid-focused science activity generates a meaningful share count relative to reaction count",Lost River Cave,children and family activities,recurring,medium,"Lost River Cave page","Current-page comparison observation."
107,2026-09-10,recent,The SKYPAC,performing arts venue,41K followers,education-theatre announcement,performing arts,ACTOURS second season,"Ramsey Theatre Company and SKYPAC announced second season of school-oriented ACTOURS, with Logan Aluminum sponsorship; visible metrics 4 reactions and 6 shares.",local venue,4,not visible,6,not visible,share-forward,arts education,sponsored youth access,"Education/theatre announcement is more share than reaction oriented and shows cross-institution sponsorship",The SKYPAC; Ramsey Theatre Company; Logan Aluminum,arts and education,recurring,medium,"The SKYPAC page","Featured page content also claimed #115 worldwide Pollstar theater ranking; not used as performance evidence."
108,2026-09-10,recent,White Squirrel Brewery,local brewery/social venue,20K followers,weekly event calendar,nightlife and local music,food trucks music and tasting events,"Weekly calendar combined food truck, live music, tasting-room activity, and operating hours; visible post had 2 reactions and 4 shares.",local venue,2,not visible,4,not visible,share-forward,local social planning,regular gathering and event discovery,"Calendar-style venue programming is share-forward despite low reactions",White Squirrel Brewery,local music and nightlife,recurring,medium,"White Squirrel Brewery page","Source surfaced independently through an earlier community-event post."
109,2026-09-10,September 2026,White Squirrel Brewery,local brewery/social venue,20K followers,monthly programming calendar,nightlife and local music,September events and industry specials,"Featured September calendar lists food trucks, SINGO, trivia, live music, jazz sessions, happy hour, and Sunday industry discounts, while explicitly welcoming kids and leashed dogs.",local venue,not visible,not visible,not visible,not visible,not visible,local social planning,inclusion and recurring value,"Venue positions itself as multi-audience living-room space rather than adult-only nightlife",White Squirrel Brewery,local music and nightlife,recurring,high,"White Squirrel Brewery page","Featured content; engagement metrics unavailable."
110,2026-09-10,1 day ago,White Squirrel Brewery,local brewery/social venue,20K followers,local-sports viewing promotion,local sports,Hot Rods playoff watch,"Venue promoted live Hot Rods playoff viewing; visible metrics 14 reactions, 2 comments, 1 share.",local venue,14,2,1,not visible,above calendar post,local sports/social outing,team pride and gathering,"Sports viewing gives the venue a timely community-identity hook that outperformed its generic weekly calendar",White Squirrel Brewery; Bowling Green Hot Rods,local sports and civic pride,emerging,high,"White Squirrel Brewery page","Cross-page sports-to-venue attention link; personal commenters omitted."
111,2026-09-10,about an hour ago,Morris Jewelry,local jewelry retailer,6.4K followers,trust-based customer-experience reel,retail/celebrations,low-pressure ring shopping,"Ring-shopping reel promises low pressure and fun; visible metrics 15 reactions, 1 comment, 3 shares.",local retailer,15,1,3,not visible,above normal,celebration purchase,trust and reduced purchase anxiety,"Trust-first message connects a high-consideration purchase to the retailer's longstanding local identity",Morris Jewelry,local retail trust and celebrations,recurring,high,"Morris Jewelry page","Comment inspection: visible response emphasized long local tenure and trust; personal name omitted."
112,2026-09-10,recent,Morris Jewelry,local jewelry retailer,6.4K followers,birthstone education video,retail/celebrations,September sapphire facts,"Video connects Princess Diana's sapphire ring to September birthstone facts; visible metrics 19 reactions and 2 shares.",local retailer,19,not visible,2,not visible,above normal,seasonal retail education,aspiration and trivia,"Recognizable cultural reference makes product education more shareable",Morris Jewelry,local retail trust and celebrations,recurring,medium,"Morris Jewelry page","Personal staff name omitted."
113,2026-09-10,recent,Morris Jewelry,local jewelry retailer,6.4K followers,birthstone carousel,retail/celebrations,sapphire facts,"Five-fact September sapphire carousel had 6 reactions and 1 share.",local retailer,6,not visible,1,not visible,below video,seasonal retail education,product curiosity,"Static fact carousel underperformed corresponding recognizable-name video",Morris Jewelry,local retail trust and celebrations,recurring,low,"Morris Jewelry page","Direct within-page format comparison."
114,2026-09-10,about 1 week ago,Morris Jewelry,local jewelry retailer,6.4K followers,staff humor reel,retail/celebrations,co-worker joke,"Short employee chemistry/humor reel had 44 reactions, 4 comments, and 2 shares.",local retailer,44,4,2,not visible,breakout relative to adjacent product education,behind-the-scenes brand affinity,humor and familiar personalities,"Local staff personality substantially outperformed product-led material",Morris Jewelry,local retail trust and celebrations,recurring,high,"Morris Jewelry page","Comment inspection: visible thread praised the staff dynamic; individual names omitted."
115,2026-09-10,recent,Morris Jewelry,local jewelry retailer,6.4K followers,seasonal birthday promotion,retail/celebrations,August birthstones,"August birthstone/GOATs promotion had 18 reactions and 1 share.",local retailer,18,not visible,1,not visible,normal,seasonal retail education,birthday identity,"Seasonal identity hook drew more reactions than static sapphire carousel but less than staff humor",Morris Jewelry,local retail trust and celebrations,recurring,medium,"Morris Jewelry page","Within-page comparison observation."
116,2026-09-10,12 hours ago,Jackson's Orchard & Nursery,local farm and attraction,58K followers,short video,seasonal food and family,fall at the orchard,"'The best time of year at Jackson's' fall video had 72 reactions, 4 comments, and 6 shares.",local business,72,4,6,not visible,above normal,seasonal outing,anticipation and local tradition,"Fall seasonal identity and orchard experience create attention beyond a product listing",Jackson's Orchard & Nursery,seasonal family outings and food,seasonal,high,"Jackson's Orchard & Nursery page","Visible comment framed peach season versus fall; individual name omitted."
117,2026-09-10,1 day ago,Jackson's Orchard & Nursery,local farm and attraction,58K followers,event-day update,seasonal food and family,Apple Fest final day,"Apple Fest final-day reminder with u-pick and treats had 83 reactions, 7 comments, and 9 shares.",local business,83,7,9,not visible,above normal,seasonal outing,urgency and family ritual,"Immediate time-bound festival logistics produced strong interaction",Jackson's Orchard & Nursery,seasonal family outings and food,seasonal,high,"Jackson's Orchard & Nursery page","Comment inspection: attendees volunteered favorite seasonal treat; name omitted."
118,2026-09-10,2 days ago,Jackson's Orchard & Nursery,local farm and attraction,58K followers,event-day update,seasonal food and family,Apple Fest day two,"Day-two hours reminder had 75 reactions, 3 comments, and 7 shares.",local business,75,3,7,not visible,above normal,seasonal outing,urgency and recurring event,"Simple operational update retained high attention during an active community event",Jackson's Orchard & Nursery,seasonal family outings and food,seasonal,high,"Jackson's Orchard & Nursery page","Visible comment asked about a specific apple variety."
119,2026-09-10,3 days ago,Jackson's Orchard & Nursery,local farm and attraction,58K followers,event announcement,seasonal food and family,Apple Fest weekend,"Apple Fest weekend launch had 109 reactions, 8 comments, and 7 shares.",local business,109,8,7,not visible,strong,seasonal outing,anticipation and community tradition,"Named recurring festival activates a large local audience before attendance",Jackson's Orchard & Nursery,seasonal family outings and food,seasonal,high,"Jackson's Orchard & Nursery page","Compared with individual product updates on the same page."
120,2026-09-10,5 days ago,Jackson's Orchard & Nursery,local farm and attraction,58K followers,planning guide carousel,seasonal food and family,Apple Fest logistics,"'Everything you need to know for Apple Fest 2026' carousel had 121 reactions, 13 comments, and 29 shares.",local business,121,13,29,not visible,breakout relative to adjacent updates,seasonal outing,useful planning information and event anticipation,"Information-rich planning post sharply out-shared standard event reminders",Jackson's Orchard & Nursery,seasonal family outings and food,seasonal,high,"Jackson's Orchard & Nursery page","Comment inspection: question about cider slushies received a direct page answer."
121,2026-09-10,4 days ago,Jackson's Orchard & Nursery,local farm and attraction,58K followers,product availability update,seasonal food and family,apple varieties,"Honeycrisp and Crispin availability post had 50 reactions, 7 comments, and 4 shares.",local business,50,7,4,not visible,normal-to-above,seasonal purchase intent,scarcity and product planning,"Specific seasonal availability creates practical questions and modest sharing",Jackson's Orchard & Nursery,seasonal family outings and food,seasonal,medium,"Jackson's Orchard & Nursery page","Comment inspection: customer asked approximate peck quantity and received 10-pound answer."
122,2026-09-10,about 1 week ago,Jackson's Orchard & Nursery,local farm and attraction,58K followers,food lineup carousel,seasonal food and family,Apple Fest treats,"Apple Fest treats carousel had 373 reactions, 64 comments, and 100 shares.",local business,373,64,100,not visible,breakout,seasonal outing,food anticipation and family sharing,"Vivid menu-style preview of a recurring local event was a major visible sharing outlier",Jackson's Orchard & Nursery,seasonal family outings and food,seasonal,high,"Jackson's Orchard & Nursery page","Comment inspection: threads heavily tag companions; personal names omitted."
123,2026-09-10,1 day ago,City of Bowling Green Parks & Recreation,municipal parks community,2.3K followers,event roundup,community activities,upcoming City Park events,"Upcoming-big-events roundup at City Park had 45 reactions, 3 comments, and 47 shares.",local organization,45,3,47,not visible,breakout relative to follower base,community planning,useful calendar information,"Multi-event practical calendar information generated an unusually high share count",Bowling Green City Park,local events and family activities,recurring,high,"City of Bowling Green Parks & Recreation page","Comment thread included a local vendor tag; personal names omitted."
124,2026-09-10,recent,City of Bowling Green Parks & Recreation,municipal parks community,2.3K followers,service-status update,community activities,splash pad season,"Splash-pad status post answered repeated closure questions and had 68 reactions and 13 comments.",local organization,68,13,not visible,not visible,strong,community information,family convenience and uncertainty reduction,"Direct response to a recurring parent question drove notable discussion",Bowling Green splash pad,local events and family activities,seasonal,high,"City of Bowling Green Parks & Recreation page","Page explicitly said several people had messaged asking; no private message details recorded."
125,2026-09-10,6 days ago,City of Bowling Green Parks & Recreation,municipal parks community,2.3K followers,event promotion,community activities,Labor Day family cooling event,"Labor Day weekend activity with fire department had 12 reactions, 1 comment, and 7 shares.",local organization,12,1,7,not visible,normal,seasonal family activity,family fun and public-service partnership,"Event notice shared more than it was discussed",Bowling Green Fire Department,local events and family activities,seasonal,medium,"City of Bowling Green Parks & Recreation page","Visible comment tagged a friend; personal names omitted."
126,2026-09-10,about 1 week ago,City of Bowling Green Parks & Recreation,municipal parks community,2.3K followers,maintenance notice,community infrastructure,walking-trail resurfacing,"Walking-trail resurfacing notice had 13 reactions, 1 comment, and 8 shares.",local organization,13,1,8,not visible,normal,public amenity information,practical use and appreciation,"Specific access/maintenance news earns modest sharing and supportive comments",Bowling Green walking trail,community infrastructure and outdoors,recurring,medium,"City of Bowling Green Parks & Recreation page","Comment inspection: appreciation for the upgrade; personal name omitted."
127,2026-09-10,about 2 weeks ago,City of Bowling Green Parks & Recreation,municipal parks community,2.3K followers,event promotion,community activities,Back to School Bash,"Free family Back to School Bash had 37 reactions, 2 comments, and 36 shares.",local organization,37,2,36,not visible,breakout relative to follower base,seasonal family activity,free family fun and school-calendar timing,"Free kid-centered event announcement prompted partner tagging and high sharing",Back to School Bash,local events and family activities,seasonal,high,"City of Bowling Green Parks & Recreation page","Visible comment indicated intention to attend with children; personal names omitted."
128,2026-09-10,about 8 weeks ago,City of Bowling Green Parks & Recreation,municipal parks community,2.3K followers,community recognition post,community pride,park cleanup,"Thank-you post recognizing a basketball-court cleanup had 75 reactions, 5 comments, and 2 shares.",local organization,75,5,2,not visible,strong,community identity,civic appreciation and local recognition,"Recognition of ordinary civic care drew more reactions than logistical posts",Bowling Green City Park,community identity and local pride,evergreen,medium,"City of Bowling Green Parks & Recreation page","Comment inspection: the cleaner identified themself and described recurring stewardship; name omitted."
129,2026-09-10,about 8 weeks ago,City of Bowling Green Parks & Recreation,municipal parks community,2.3K followers,park-improvement photo,community infrastructure,Barb Allison Park gazebo,"New gazebo improvement post had 118 reactions, 2 comments, and 2 shares.",local organization,118,2,2,not visible,breakout relative to follower base,community pride,visible improvement and neighborhood utility,"Concrete local improvement photo triggered unusually broad approval",Barb Allison Park,community infrastructure and outdoors,recurring,medium,"City of Bowling Green Parks & Recreation page","Comment inspection: resident called the addition needed; name omitted."
130,2026-09-10,recent,Community Education Bowling Green Warren County,local education nonprofit,4.4K followers,ribbon-cutting recognition,community education,new Food School,"Congratulations/open-house post for The Food School's ribbon cutting showed 8 reactions and 3 shares.",local organization,8,not visible,3,not visible,normal,local discovery,novel local opening,"Community institution amplified a new local learning/food venture",The Food School,local learning and openings,emerging,medium,"Community Education BG page","Visible public metrics only."
131,2026-09-10,upcoming Sep 19,Community Education Bowling Green Warren County,local education nonprofit,4.4K followers,event listing,family entertainment,Blockbusters at the Ballpark,"Event listing for the tenth annual Blockbusters at the Ballpark at Bowling Green Hot Rods displayed 2 visible engagements.",local organization,2,not visible,not visible,not visible,low at capture,seasonal family activity,family entertainment,"Institutional event listings can be functionally useful despite low visible interaction",Bowling Green Hot Rods,local events and family activities,seasonal,low,"Community Education BG page","Facebook exposed only one small aggregate number; no inference beyond it."
132,2026-09-10,recent,Community Education Bowling Green Warren County,local education nonprofit,4.4K followers,holiday closure notice,community services,Labor Day closure,"Labor Day closure notice showed 6 reactions and 2 shares.",local organization,6,not visible,2,not visible,low,service information,administrative clarity,"Routine closure communication received limited visible response",Community Education,community services,recurring,low,"Community Education BG page","Contrast point for event and recognition content."
133,2026-09-10,about 3 weeks ago,Community Education Bowling Green Warren County,local education nonprofit,4.4K followers,event presence post,community education,Topper Fest,"Topper Fest participation post showed 10 reactions and 2 shares.",local organization,10,not visible,2,not visible,normal,community presence,school/community affiliation,"Simple event-presence post was modestly received",Topper Fest,school and community identity,seasonal,low,"Community Education BG page","Visible public metrics only."
134,2026-09-10,about 4 weeks ago,Community Education Bowling Green Warren County,local education nonprofit,4.4K followers,public-safety recognition,community services,child passenger safety award,"Safe Seats Safe Kids statewide recognition post showed 14 reactions and 4 shares.",local organization,14,not visible,4,not visible,above normal,community recognition,public service pride,"Third-party recognition was stronger than ordinary administrative content on this page",Med Center Health; Kentucky Office of Highway Safety,community safety and local recognition,recurring,medium,"Community Education BG page","No sensitive family or incident detail recorded."
135,2026-09-10,recent,Fieldstone Farms HOA of Bowling Green,neighborhood association,149 followers,shared municipal update,neighborhood infrastructure,bike repair station,"Neighborhood HOA reposted City update about a College Street bike repair station near Spencer's Coffee; 1 visible reaction.",local organization,1,not visible,not visible,not visible,low,neighborhood utility,practical amenity information,"Small HOA page acted as a retransmission node for city amenity news",Spencer's Coffee; City of Bowling Green,community infrastructure and outdoors,emerging,low,"Fieldstone Farms HOA page","Directly observed cross-page sharing; little engagement available."
136,2026-09-10,older than 90 days,Fieldstone Farms HOA of Bowling Green,neighborhood association,149 followers,service-information share,neighborhood operations,bulk and yard waste,"HOA shared Scott Waste bulk-item and yard/brush-waste information with 1 visible reaction.",local organization,1,not visible,not visible,not visible,low,household information,practical neighborhood operations,"Utility information is distributed through neighborhood channels despite little visible response",Scott Waste Services,community infrastructure and household utility,evergreen,low,"Fieldstone Farms HOA page","Older context only; not evidence of current trend."
137,2026-09-10,about 1 year ago,Fieldstone Farms HOA of Bowling Green,neighborhood association,149 followers,community sale announcement,local commerce,subdivision yard sale,"Community yard-sale announcement showed 1 reaction and 5 comments; comment thread centered on sign-placement constraints.",local organization,1,5,not visible,not visible,comment-driven,local resale,neighbor coordination and practical constraints,"Hyperlocal resale logistics can create discussion even where reaction totals are low",Fieldstone Farms,local resale and neighborhood coordination,seasonal,low,"Fieldstone Farms HOA page","Older context only; comment inspection summarized without personal names."
138,2026-09-10,1 day ago,Bowling Green Athletic Club,local fitness business,6.2K followers,class-return announcement,fitness and wellness,returning class,"'Guess Who's Back' returning-class post had 24 reactions, 3 comments, and 1 share.",local business,24,3,1,not visible,above normal,fitness participation,nostalgia and anticipated routine,"Familiar class/program return prompted a member's immediate personal connection",Bowling Green Athletic Club,fitness and recurring routines,recurring,medium,"Bowling Green Athletic Club page","Comment inspection: a member said they had been thinking about the class; name omitted."
139,2026-09-10,recent,Bowling Green Athletic Club,local fitness business,6.2K followers,new class video,fitness and wellness,new class,"Short new-class video showed 12 reactions and 2 shares.",local business,12,not visible,2,not visible,normal,fitness participation,novelty,"A generic launch video trailed the more recognizable returning-class announcement",Bowling Green Athletic Club,fitness and recurring routines,emerging,low,"Bowling Green Athletic Club page","Direct within-page format/topic comparison."
140,2026-09-10,4 days ago,Bowling Green Athletic Club,local fitness business,6.2K followers,staff humor video,fitness and wellness,coworker/mullet joke,"Coworker-and-manager humor video had 57 reactions, 6 comments, and 2 shares.",local business,57,6,2,not visible,breakout relative to adjacent class posts,brand affinity,staff personality and playful local banter,"Employee humor visibly outperformed service/program messaging on the same page",Bowling Green Athletic Club; Bella Recovery,local business personality,recurring,high,"Bowling Green Athletic Club page","Comment inspection: local business joined the joke; personal names omitted."
141,2026-09-10,recent,Bowling Green Athletic Club,local fitness business,6.2K followers,seasonal teaser,fitness and wellness,fall programming,"Fall-is-coming teaser showed 6 reactions and 2 shares.",local business,6,not visible,2,not visible,low,fitness participation,seasonal cue,"Vague seasonal message received little visible response compared with specific programs or personality",Bowling Green Athletic Club,fitness and recurring routines,seasonal,low,"Bowling Green Athletic Club page","Within-page low-response comparison."


